{
    "scenario": "overfit",
    "timestamp": "2025-11-10 20:52:56",
    "config": {
        "name": "overfit",
        "embedding_dim": 384,
        "hidden_dim": 768,
        "num_layers": 3,
        "dropout": 0.0,
        "learning_rate": 0.0015,
        "batch_size": 32,
        "epochs": 20,
        "weight_decay": 0.0,
        "grad_clip": 5.0,
        "early_stopping_patience": 3
    },
    "train_losses": [
        0.3831410664892931,
        0.32363247177086324,
        0.4843336395005311,
        1.1699459554861975,
        1.1132683795671543,
        0.5193579796893573,
        0.31381288033415994,
        0.2702009896072646
    ],
    "val_losses": [
        2.4657385438514363,
        2.253328888425898,
        1.8548626085467317,
        1.7509988943612582,
        1.4548602886659643,
        2.0646881122287577,
        2.366076610081697,
        2.489325553345074
    ],
    "test_loss": 2.404015780308198,
    "test_perplexity": 11.067532036961968,
    "best_val_loss": 1.4548602886659643,
    "best_val_perplexity": 4.283884916514503,
    "final_train_loss": 0.2702009896072646,
    "final_val_loss": 2.489325553345074
}